{
  "name": "tournament-leaderboard",
  "license": "UNLICENSED",
  "scripts": {
    "codegen": "graph codegen",
    "build": "graph build",
    "deploy": "graph deploy --node https://api.studio.thegraph.com/deploy/ tournament-leaderboard",
    "create-local": "graph create --node http://localhost:8020/ tournament-leaderboard",
    "remove-local": "graph remove --node http://localhost:8020/ tournament-leaderboard",
    "deploy-local": "graph deploy --node http://localhost:8020/ --ipfs http://localhost:5001 tournament-leaderboard",
    "test": "graph test"
  },
  "dependencies": {
    "ethers": "^6.16.0",
    "node-fetch": "^3.3.2"
  },
  "devDependencies": {
    "@graphprotocol/graph-cli": "^0.98.1",
    "@graphprotocol/graph-ts": "^0.38.2",
    "matchstick-as": "^0.6.0"
  }
}
