[
  {
    "anonymous": false,
    "inputs": [
      { "indexed": false, "internalType": "address", "name": "owner", "type": "address" },
      { "indexed": false, "internalType": "string",  "name": "name",  "type": "string" },
      { "indexed": false, "internalType": "uint64",  "name": "created","type": "uint64" },
      { "indexed": false, "internalType": "uint256", "name": "nftId", "type": "uint256" },
      { "indexed": false, "internalType": "uint256", "name": "collectionId", "type": "uint256" }
    ],
    "name": "ProfileCreated",
    "type": "event"
  },
  {
    "anonymous": false,
    "inputs": [
      { "indexed": false, "internalType": "address", "name": "owner", "type": "address" },
      { "indexed": false, "internalType": "string",  "name": "name",  "type": "string" },
      { "indexed": false, "internalType": "uint256", "name": "nftId", "type": "uint256" },
      { "indexed": false, "internalType": "uint256", "name": "collectionId", "type": "uint256" }
    ],
    "name": "ProfileUpdated",
    "type": "event"
  }
]