[
  {
    "anonymous": false,
    "inputs": [
      {
        "indexed": true,
        "internalType": "uint256",
        "name": "tournamentId",
        "type": "uint256"
      },
      {
        "indexed": true,
        "internalType": "address",
        "name": "player",
        "type": "address"
      },
      {
        "indexed": false,
        "internalType": "uint256",
        "name": "value",
        "type": "uint256"
      }
    ],
    "name": "PlayerWonTournament",
    "type": "event"
  }
]